{
   "providers": [
      {
         "type": "bitmap",
         "file": "minecraft:gui/human.png",
         "ascent": 37,
         "height": 75,
         "chars": ["\uE010"]
      },
      {
         "type": "bitmap",
         "file": "minecraft:gui/avian.png",
         "ascent": 37,
         "height": 75,
         "chars": ["\uE011"]
      },
      {
         "type": "bitmap",
         "file": "minecraft:gui/elytrian.png",
         "ascent": 37,
         "height": 75,
         "chars": ["\uE012"]
      },
      {
         "type": "bitmap",
         "file": "minecraft:gui/shulk.png",
         "ascent": 37,
         "height": 75,
         "chars": ["\uE013"]
      },
      {
         "type": "bitmap",
         "file": "minecraft:gui/feline.png",
         "ascent": 37,
         "height": 75,
         "chars": ["\uE014"]
      },
      {
         "type": "bitmap",
         "file": "minecraft:gui/enderian.png",
         "ascent": 37,
         "height": 75,
         "chars": ["\uE015"],
         "shift": [0.0, 0.0]
      },
      {
         "type": "bitmap",
         "file": "minecraft:gui/merling.png",
         "ascent": 37,
         "height": 75,
         "chars": ["\uE016"]
      },
      {
         "type": "bitmap",
         "file": "minecraft:gui/blazeborn.png",
         "ascent": 37,
         "height": 75,
         "chars": ["\uE017"]
      },
      {
         "type": "bitmap",
         "file": "minecraft:gui/phantom.png",
         "ascent": 37,
         "height": 75,
         "chars": ["\uE018"]
      }




	]
}
